Gene_ID;Symbol;Alias;Class;Family;Complex;Target
ENSG00000108773;KAT2A;GCN5;Writer;GNAT;SAGA;H3ac
ENSG00000114166;KAT2B;PCAF;Writer;GNAT;SAGA;H3ac
ENSG00000128708;HAT1;HAT1;Writer;GNAT;HAT / SAGA / p300;H2/H4ac
ENSG00000115966;ATF2;;Writer;GNAT;;H2/H4ac
ENSG00000110583;NAA40;;Writer;NAT;Nat acetyltransferase;H2/H4ac
ENSG00000121579;NAA50;;Writer;NAT;Nat acetyltransferase;H4ac
ENSG00000122390;NAA60;;Writer;NAT;Nat acetyltransferase;H4ac
ENSG00000172977;KAT5;TIP60;Writer;MYST;NuA4 / TIP60 complex;H2/H4ac
ENSG00000103510;KAT8;MYST1;Writer;MYST;HAT / SAGA / p300;H4ac
ENSG00000136504;KAT7;MYST2;Writer;MYST;HBO1;H3/H4ac
ENSG00000083168;KAT6A;MYST3;Writer;MYST;MOZ/MORF;H3/H4ac
ENSG00000156650;KAT6B;MYST4;Writer;MYST;MOZ/MORF;H3ac
ENSG00000100393;EP300;;Writer;p300/CBP;HAT/SAGA/p300;H3ac , H3K18la
ENSG00000005339;CREBBP;;Writer;p300/CBP;HAT/SAGA/p300;H3ac
ENSG00000084676;NCOA1;;Writer;SRC;;H3/H4ac
ENSG00000124151;NCOA3;;Writer;SRC;;H3ac
ENSG00000134852;CLOCK;;Writer;other;HAT/SAGA/ p300 , CLOCK/BMAL1;H3ac
ENSG00000119760;SUPT7L;;Writer;other;SAGA;H3ac
ENSG00000005302;MSL3;;Writer;other;MSL complex;H4ac
ENSG00000160294;MCM3AP;;Writer;other;;H3ac
ENSG00000139618;BRCA2;;Writer;other;;H3ac
ENSG00000125484;GTF3C4;;Writer;other;;H3ac
ENSG00000116478;HDAC1;;Eraser;Class I;CoREST - SIN3 - NuRD;Hac , H3K18la
ENSG00000196591;HDAC2;;Eraser;Class I;CoREST - SIN3 - NuRD;Hac
ENSG00000171720;HDAC3;;Eraser;Class I;HDAC complexes;Hac , H3K18la
ENSG00000147099;HDAC8;;Eraser;Class I;HDAC complexes;Hac
ENSG00000068024;HDAC4;;Eraser;Class IIa;HDAC complexes;Hac
ENSG00000108840;HDAC5;;Eraser;Class IIa;HDAC complexes;Hac
ENSG00000061273;HDAC7;;Eraser;Class IIa;HDAC complexes;Hac
ENSG00000048052;HDAC9;;Eraser;Class IIa;HDAC complexes;Hac
ENSG00000163517;HDAC11;;Eraser;Class IV;HDAC complexes;Hac
ENSG00000096717;SIRT1;;Eraser;Class III;HDAC complexes;Hac
ENSG00000068903;SIRT2;;Eraser;Class III;HDAC complexes;Hac
ENSG00000142082;SIRT3;;Eraser;Class III;HDAC complexes;Hac
ENSG00000124523;SIRT5;;Eraser;Class III;HDAC complexes;Hac
ENSG00000077463;SIRT6;;Eraser;Class III;HDAC complexes;Hac
ENSG00000187531;SIRT7;;Eraser;Class III;HDAC complexes;Hac
ENSG00000100425;BRD1;;Reader;;MOZ/MORF acetyltransferase complex;H3K14ac
ENSG00000204256;BRD2;;Reader;BET;;H3K27ac
ENSG00000169925;BRD3;;Reader;BET;;H3K27ac
ENSG00000141867;BRD4;;Reader;BET;BET / P-TEFb;H3K27ac
ENSG00000137948;BRDT;;Reader;BET;;H3K27ac
ENSG00000080503;SMARCA2;BRG1;Reader;noBET;SWI/SNF chromatin remodeling BAF canonical;H4ac
ENSG00000127616;SMARCA4;BRM;Reader;noBET;SWI/SNF chromatin remodeling BAF canonical;H4ac
ENSG00000163939;PBRM1;;Reader;noBET;SWI/SNF chromatin remodeling PBAF;H4ac
ENSG00000147133;TAF1;;Reader;TAF;;Hac
ENSG00000156802;ATAD2;;Reader;BRD;;Hac
ENSG00000166164;BRD7;;Reader;BRD;SWI/SNF chromatin remodeling PBAF;H4ac
ENSG00000028310;BRD9;;Reader;BRD;SWI/SNF chromatin remodeling ncBAF / GBAF;H4ac
ENSG00000171843;MLLT3;AF9;Reader;YEATS;DOT1L recruiter;Hac
ENSG00000130396;MLLT4;ENL;Reader;YEATS;DOT1L recruiter;Hac
ENSG00000163872;YEATS2;;Reader;YEATS;;Hac
ENSG00000133884;DPF2;;Reader;DPF;SWI/SNF chromatin remodeling BAF canonical;Hac
ENSG00000205683;DPF3;;Reader;DPF;BAF chromatin remodeling;Hac
ENSG00000101945;SUV39H1;;Writer;KMT1;;H3K9me3
ENSG00000152455;SUV39H2;;Writer;KMT1;;H3K9me3 , H3K56me3
ENSG00000181090;EHMT1;GLP;Writer;KMT1;G9a/GLP complex;H3K9me2
ENSG00000204371;EHMT2;G9a;Writer;KMT1;G9a/GLP complex;H3K9me2 , H3K56me1
ENSG00000143379;SETDB1;;Writer;KMT1;KAP1/TRIM28 complex;H3K9me3
ENSG00000136169;SETDB2;;Writer;KMT1;SETDB complex;H3K9me3
ENSG00000118058;KMT2A;MLL1;Writer;KMT2;COMPASS;H3K4me3
ENSG00000272333;KMT2B;MLL2;Writer;KMT2;COMPASS;H3K4me3
ENSG00000055609;KMT2C;MLL3;Writer;KMT2;MLL3/4 enhancer COMPASS like complex;H3K4me1
ENSG00000167548;KMT2D;MLL4;Writer;KMT2;MLL3/4 enhancer COMPASS like complex;H3K4me1
ENSG00000099381;SETD1A;;Writer;KMT2;COMPASS;H3K4me3
ENSG00000139718;SETD1B;;Writer;KMT2;COMPASS;H3K4me3
ENSG00000129691;ASH2L;;Writer;KMT2;COMPASS core;H3K4me3
ENSG00000164091;WDR82;;Reader;;COMPASS core;H3K4me3
ENSG00000117222;RBBP5;;Writer;;COMPASS core;H3K4me3
ENSG00000172534;HCFC1;;Reader;;COMPASS core;H3K4me3
ENSG00000133895;MEN1;;Writer;;COMPASS core;H3K4me3
ENSG00000162961;DPY30;;Writer;;COMPASS core;H3K4me3
ENSG00000196363;WDR5;;Reader;;COMPASS core;H3K4me3
ENSG00000116539;ASH1L;;Writer;KMT2;Trithorax-like;H3K36me2
ENSG00000115593;SMYD1;;Writer;KMT3;;H3K4me3
ENSG00000143499;SMYD2;;Writer;KMT3;;H3K4me3 , H3K36me2
ENSG00000185420;SMYD3;;Writer;KMT3;;H3K4me3
ENSG00000186532;SMYD4;;Writer;SMYD;;H3K4me3
ENSG00000181555;SETD2;;Writer;KMT3;;H3K36me3
ENSG00000165671;NSD1;;Writer;KMT3;;H3K36me2
ENSG00000109685;NSD2;;Writer;KMT3;;H3K36me2 , H4K20me2
ENSG00000147548;NSD3;;Writer;KMT3;;H3K36me2
ENSG00000135632;SMYD5;;Writer;SMYD;;H4K20me3
ENSG00000104885;DOT1L;;Writer;KMT4;;H3K79me3
ENSG00000183955;KMT5A;SETD8;Writer;KMT5;;H4K20me1
ENSG00000110066;KMT5B;SUv420H1;Writer;KMT5;;H4K20me3
ENSG00000133247;KMT5C;SUv420H2;Writer;KMT5;;H4K20me3
ENSG00000108799;EZH1;;Writer;KMT6;PRC2;H3K27me3
ENSG00000106462;EZH2;;Writer;KMT6;PRC2;H3K27me3
ENSG00000145391;SETD7;;Writer;KMT7;;H3K4me1
ENSG00000164256;PRDM9;;Writer;KMT8;;H3K4me3 , H3K36me3
ENSG00000116731;PRDM2;;Writer;KMT8;;H3K9me1
ENSG00000152784;PRDM8;;Writer;KMT8;;H3K9me2
ENSG00000185917;SETD4;;Writer;SETD;;H3K4me2
ENSG00000170364;SETMAR;;Writer;SETD;;H3K36me2
ENSG00000168137;SETD5;;Writer;SETD;;H3K36me3
ENSG00000103037;SETD6;;Writer;SETD;;H2AZK7me1
ENSG00000085276;MECOM;PRDM3;Writer;KMT8;;H3K9me1
ENSG00000126856;PRDM7;;Writer;PRDM;;H3K4me3
ENSG00000142611;PRDM16;;Writer;KMT8;;H3K9me1
ENSG00000061455;PRDM6;;Writer;KMT8;;H3K9me1 , H4K20me1
ENSG00000156239;N6AMT1;KMT9 HEMK2;Writer;KMT9;;H4K12me1
ENSG00000004487;KDM1A;LSD1;Eraser;KDM1;CoREST;H3K4me2 , H3K9me2
ENSG00000165097;KDM1B;LSD2;Eraser;KDM1;;H3K4me2 , H3K36me2
ENSG00000173120;KDM2A;;Eraser;KDM2;;H3K36me2
ENSG00000089094;KDM2B;;Eraser;KDM2;PcG/PRC1.1 recruiter;H3K4me3 , H3K36me2 , H3K79me3
ENSG00000115548;KDM3A;;Eraser;KDM3;;H3K9me2
ENSG00000120733;KDM3B;;Eraser;KDM3;;H3K9me2
ENSG00000171988;JMJD1C;KDM3C;Eraser;KDM3;;H3K9me2
ENSG00000066135;KDM4A;;Eraser;KDM4;;H3K36me3 , H3K9me3 , H3K56me3
ENSG00000127663;KDM4B;;Eraser;KDM4;;H3K36me3 , H3K9me3 , H3K56me3
ENSG00000107077;KDM4C;;Eraser;KDM4;;H3K36me3 , H3K9me3 , H3K56me3
ENSG00000186280;KDM4D;;Eraser;KDM4;;H3K9me3
ENSG00000235268;KDM4DL;Kdm4e;Eraser;KDM4;;H3K9me3
ENSG00000073614;KDM5A;;Eraser;KDM5;NuRD/SIN3;H3K4me3
ENSG00000117139;KDM5B;;Eraser;KDM5;NuRD;H3K4me3
ENSG00000126012;KDM5C;;Eraser;KDM5;;H3K4me3
ENSG00000012817;KDM5D;;Eraser;KDM5;;H3K4me3
ENSG00000147050;KDM6A;;Eraser;KDM6;MLL3/4 enhancer COMPASS like complex;H3K27me
ENSG00000132510;KDM6B;;Eraser;KDM6;MLL3/4 enhancer COMPASS like complex;H3K27me
ENSG00000006459;KDM7A;KDM7A;Eraser;KDM7;;H3K9me2 , H3K27me2
ENSG00000172943;PHF8;KDM7B;Eraser;KDM7;;H3K9me2 , H3K27me2 , H4K20me1
ENSG00000197724;PHF2;KDM7C;Eraser;KDM7;;H3K9me2 , H4K20me3
ENSG00000155666;KDM8;;Eraser;KDM8;;H3K36me2 , H3K9me1
ENSG00000081019;RSBN1;KDM9;Eraser;KDM9;;H4K20me3
ENSG00000108468;CBX1;;Reader;CBX;;H3K9me3
ENSG00000122565;CBX3;;Reader;CBX;;H3K9me3
ENSG00000094916;CBX5;;Reader;CBX;;H3K9me3
ENSG00000173894;CBX2;;Reader;CBX;PcG/PRC1 canonical;H3K27me3
ENSG00000141582;CBX4;;Reader;CBX;PcG/PRC1 canonical;H3K27me3
ENSG00000183741;CBX6;;Reader;CBX;PcG/PRC1 canonical;H3K27me3
ENSG00000100307;CBX7;;Reader;CBX;PcG/PRC1 canonical;H3K27me3
ENSG00000141570;CBX8;;Reader;CBX;PcG/PRC1 canonical;H3K27me3
ENSG00000165632;TAF3;;Reader;;;H3K4me3
ENSG00000171634;BPTF;;Reader;;;H3K4me3
ENSG00000153487;ING1;;Reader;;;H3K4me3
ENSG00000168556;ING2;;Reader;;;H3K4me3
ENSG00000071243;ING3;;Reader;;;H3K4me3
ENSG00000111653;ING4;;Reader;;;H3K4me3
ENSG00000168395;ING5;;Reader;;;H3K4me3
ENSG00000153922;CHD1;;Reader;;;H3K4me3
ENSG00000173575;CHD2;;Reader;;;H3K4me3
ENSG00000170004;CHD3;;Reader;;NuRD;Hac
ENSG00000111642;CHD4;;Reader;;NuRD;Hac
ENSG00000116254;CHD5;;Reader;;;Hac
ENSG00000124177;CHD6;;Reader;;;Hac
ENSG00000171316;CHD7;;Reader;;;H3K4me1
ENSG00000100888;CHD8;;Reader;;;H3K4me3
ENSG00000177200;CHD9;;Reader;;;H3K9me3
ENSG00000164985;PSIP1;LEDGF;Reader;;;H3K36me3
ENSG00000116062;MSH6;;Reader;;;H3K36me3
ENSG00000067369;TP53BP1;;Reader;;DNA damage response;H4K20me3
ENSG00000185513;L3MBTL1;;Reader;;;H4K20me3
ENSG00000112511;PHF1;;Reader;;PcG/PRC2 accesory;H3K36me3
ENSG00000119403;PHF19;;Reader;;PcG/PRC2;H3K36me3
ENSG00000025293;PHF20;;Reader;;NSL/MOF;H4K16ac
ENSG00000185513;L3MBTL1;;Reader;;PcG;H4K20me1 , H1K26me1 , H3K9me2
ENSG00000130816;DNMT1;;Writer;DNMT;;DNAmeC
ENSG00000119772;DNMT3A;;Writer;DNMT;;DNAmeC
ENSG00000088305;DNMT3B;;Writer;DNMT;;DNAmeC
ENSG00000142182;DNMT3L;;Writer;DNMT;;DNAmeC
ENSG00000139372;TDG;;Eraser;;;DNAmeC
ENSG00000138336;TET1;;Eraser;TET;;DNAmeC , DNAhmeC
ENSG00000168769;TET2;;Eraser;TET;;DNAmeC , DNAhmeC
ENSG00000187605;TET3;;Eraser;TET;;DNAmeC , DNAhmeC
ENSG00000169057;MECP2;;Reader;MBD;;DNAmeC
ENSG00000141644;MBD1;;Reader;MBD;;DNAmeC
ENSG00000134046;MBD2;;Reader;MBD;NuRD;DNAmeC
ENSG00000071655;MBD3;;Reader;MBD;NuRD;DNAmeC
ENSG00000129071;MBD4;;Reader;MBD;;DNAmeC
ENSG00000177485;ZBTB33;;Reader;Kaiso-like;;DNAmeC
ENSG00000174282;ZBTB4;;Reader;Kaiso-like;;DNAmeC
ENSG00000177311;ZBTB38;;Reader;Kaiso-like;;DNAmeC
ENSG00000276043;UHRF1;;Reader;other;;DNAmeC , DNAhmeC
ENSG00000147854;UHRF2;;Reader;other;;DNAmeC , DNAhmeC
ENSG00000126457;PRMT1;;Writer;TypeI-ADMA;;H4R3me2a , H3R2me2a
ENSG00000160310;PRMT2;;Writer;TypeI-ADMA;;H3R8me2a
ENSG00000185238;PRMT3;;Writer;TypeI-ADMA;;H4R3me2a
ENSG00000142453;CARM1;PRMT4;Writer;TypeI-ADMA;;H3R17me2a , H3R26me2a
ENSG00000198890;PRMT6;;Writer;TypeI-ADMA;;H3R2me2a
ENSG00000111218;PRMT8;;Writer;TypeI-ADMA;;H3R8me2a
ENSG00000100462;PRMT5;;Writer;TypeII-SDMA;;H4R3me2s , H3R8me2s
ENSG00000164169;PRMT9;;Writer;TypeII-SDMA;;Splicing factors (sDMA)
ENSG00000132600;PRMT7;;Writer;TypeIII;;H4R3me1
ENSG00000070495;JMJD6;Q6NYC1;Eraser;JMJ;;H4R3me2a , H3R2me2a , H3R17me2a , H3R26me2a
ENSG00000106723;SPIN1;;Reader;;;H3K4me3 , H3K9me3 , H3r8me2a
ENSG00000083544;TDRD3;;Reader;;;H4R3me2a , H3R2me2a , H3R17me2a , H3R26me2a
ENSG00000172062;SMN1;;Reader;;;H4R3me2s , H3R8me2s
ENSG00000117115;PADI2;;Writer;PAD;;H3R26cit
ENSG00000276747;PADI6;;Writer;PAD;;H3R2cit , H3R8cit , H3R17cit , H3R26cit , H4R3cit
ENSG00000206287;RING1A;;Writer;;PcG/PRC1 catalytic/ ubiquitin ligase complexes;H2AK119ub
ENSG00000121481;RING1B;RNF2;Writer;;PcG/PRC1 catalytic / ubiquitin ligase complexes;H2AK119ub
ENSG00000155827;RNF20;;Writer;;PcG/PRC1 / ubiquitin ligase complexes;H2BK120ub
ENSG00000103549;RNF40;;Writer;;PcG/PRC1 / ubiquitin ligase complexes;H2BK120ub
ENSG00000077721;UBE2A;;Writer;E2;PcG/PRC1 / ubiquitin ligase complexes;H2BK120ub
ENSG00000119048;UBE2B;;Writer;E2;PcG/PRC1 / ubiquitin ligase complexes;H2BK120ub
ENSG00000168283;BMI1;;Writer;;PcG/PRC1 canonical / ubiquitin ligase complexes;H2AK119ub , H2BK120ub
ENSG00000163930;BAP1;;Eraser;;;H2AK119ub
ENSG00000124422;USP22;;Eraser;;SAGA DUB module;H2BK120ub
ENSG00000162601;MYSM1;;Eraser;;;H2AK119ub , H2BK120ub
ENSG00000087206;RAP80;UIMC1;Reader;;BRCA1-A complex;H2AK119ub , H2BK120ub
ENSG00000033800;PIAS1;;Writer;E3;;sumo
ENSG00000105229;PIAS4;;Writer;E3;;sumo
ENSG00000103275;UBC9;UBE2I;Writer;E3;;sumo
ENSG00000079387;SENP1;;Eraser;SENP;;sumo
ENSG00000163904;SENP2;;Eraser;SENP;;sumo
ENSG00000169297;DAX;NR0B1;Reader;SIM;;sumo
ENSG00000140464;PML;;Reader;SIM;;sumo
ENSG00000143799;PARP1;;Writer;;;ADPrib
ENSG00000129484;PARP2;;Writer;;;ADPrib
ENSG00000227345;PARG;;Eraser;;PAR metabolism;ADPrib
ENSG00000124596;TARG1;OARD1;Eraser;;;ADPrib
ENSG00000131778;ALC1;CHD1L;Reader;;;ADPrib
ENSG00000073050;XRCC1;;Reader;;BER DNA repair;ADPrib
ENSG00000178999;AURORAB;AURKB;Writer;;;H3S10ph
ENSG00000100784;MSK1;RPS6KA5;Writer;;;H3S10ph
ENSG00000162302;MSK2;RPS6KA4;Writer;;;H3S10ph
ENSG00000149311;ATM;;Writer;;;H2AXS139ph
ENSG00000175054;ATR;;Writer;;;H2AXS139ph
ENSG00000213639;PP1;PPP1CB;Eraser;;;H3S10ph , H2AXS139ph
ENSG00000113575;PP2A;PPP2CA;Eraser;;;H3S10ph , H2AXS139ph
ENSG00000104695;PPP2CB;;Eraser;;;H3S10ph
ENSG00000147162;OGT;;Writer;;;O-GlcNAcy
ENSG00000198408;OGA;;Eraser;;;O-GlcNAcy
ENSG00000198959;TGM2;;Writer;;;H-MamQ5
ENSG00000074266;EED;;Writer;;PcG/PRC2 core;H3K27me3
ENSG00000178691;SUZ12;;Writer;;PcG/PRC2 core;H3K27me3
ENSG00000162521;RBBP4;;Writer;;PcG/PRC2 accesory - NuRD;H3K27me3
ENSG00000102054;RBBP7;;Writer;;PcG/PRC2 accesory - NuRD;H3K27me3
ENSG00000008083;JARID2;;Writer;;PcG/PRC2 recruiter;H3K27me3
ENSG00000139154;AEBP2;;Writer;;PcG/PRC2 recruiter;H3K27me3
ENSG00000198646;NCOA6;;Writer;;MLL3/4 enhancer COMPASS like complex;H3K4me3
ENSG00000117713;ARID1A;;Writer;;SWI/SNF chromatin remodeling BAF canonical;Hac
ENSG00000049618;ARID1B;;Writer;;SWI/SNF chromatin remodeling BAF canonical;Hac
ENSG00000189079;ARID2;;Writer;;SWI/SNF chromatin remodeling PBAF;Hac
ENSG00000063169;GLTSCR1;BICRA;Reader;;SWI/SNF chromatin remodeling ncBAF / GBAF;Hac
ENSG00000112624;GLTSCR1L;BICRAL;Reader;;SWI/SNF chromatin remodeling ncBAF / GBAF;Hac
ENSG00000112983;BRD8;;Reader;;NuA4 / TIP60 complex;H2/H4ac
ENSG00000183495;EP400;;Writer;;NuA4 / TIP60 complex;H2AZ
ENSG00000196367;TRRAP;;Reader;;NuA4 / TIP60 complex;H2/H4ac
ENSG00000135801;TAF5L;;Reader;;SAGA;Hac
ENSG00000077684;JADE1;;Reader;;MOZ/MORF;Hac
ENSG00000089902;RCOR1;;Reader;;CoREST;H3K4me2
ENSG00000167771;RCOR2;;Reader;;CoREST;H3K4me2
ENSG00000117625;RCOR3;;Reader;;CoREST;H3K4me2
ENSG00000169375;SIN3A;;Reader;;SIN3;Hac
ENSG00000127511;SIN3B;;Reader;;SIN3;Hac
ENSG00000182979;MTA1;;Reader;;NuRD;Hac
ENSG00000149480;MTA2;;Reader;;NuRD;Hac
ENSG00000057935;MTA3;;Reader;;NuRD;Hac
ENSG00000115289;PCGF1;;Writer;;PcG/PRC1;H2AK119ub
ENSG00000277258;PCGF2;;Writer;;PcG/PRC1;H2AK119ub
ENSG00000185619;PCGF3;;Writer;;PcG/PRC1;H2AK119ub
ENSG00000168283;PCGF4;BMI1;Writer;;PcG/PRC1;H2AK119ub
ENSG00000180628;PCGF5;;Writer;;PcG/PRC1;H2AK119ub
ENSG00000156374;PCGF6;;Writer;;PcG/PRC1;H2AK119ub
ENSG00000111752;PHC1;;Reader;;PcG/PRC1;H2AK119ub
ENSG00000134686;PHC2;;Reader;;PcG/PRC1;H2AK119ub
ENSG00000173889;PHC3;;Reader;;PcG/PRC1;H2AK119ub
ENSG00000047634;SCML1;;Reader;;PcG/PRC1;H3K27me3
ENSG00000102098;SCML2;;Reader;;PcG/PRC1;H3K27me3
ENSG00000099956;SMARCB1;;Reader;;SWI/SNF chromatin remodeling BAF/PBAF;Hac
ENSG00000173473;SMARCC1;;Reader;;SWI/SNF chromatin remodeling BAF/PBAF;Hac
ENSG00000139613;SMARCC2;;Reader;;SWI/SNF chromatin remodeling BAF/PBAF;Hac
ENSG00000066117;SMARCD1;;Reader;;SWI/SNF chromatin remodeling BAF/PBAF;Hac
ENSG00000108604;SMARCD2;;Reader;;SWI/SNF chromatin remodeling BAF/PBAF;Hac
ENSG00000082014;SMARCD3;;Reader;;SWI/SNF chromatin remodeling BAF/PBAF;Hac
ENSG00000167491;GATAD2A;;Reader;;NuRD;Hac
ENSG00000143614;GATAD2B;;Reader;;NuRD;Hac
